{
  "version": "2.0",
  "logging": {
    "applicationInsights": {
      "samplingSettings": {
        "isEnabled": true,
        "excludedTypes": "Request"
      }
    }
  },
  "extensionBundle": {
    "id": "Microsoft.Azure.Functions.ExtensionBundle",
    "version": "[3.*, 4.0.0)"
  },
  "functionTimeout": "00:05:00",
  "functions": [
    "health",
    "initiatives"
  ],
  "customHandler": {
    "description": {
      "defaultExecutablePath": "node",
      "arguments": ["server-production.js"]
    }
  }
}
