{
  "routes": [
    {
      "route": "/api/*",
      "allowedRoles": ["anonymous"]
    },
    {
      "route": "/*",
      "serve": "/index.html",
      "statusCode": 200
    }
  ],
  "navigationFallback": {
    "rewrite": "/index.html"
  },
  "mimeTypes": {
    ".json": "application/json",
    ".js": "application/javascript",
    ".css": "text/css"
  },
  "globalHeaders": {
    "Cache-Control": "public, max-age=31536000, immutable"
  },
  "responseOverrides": {
    "404": {
      "rewrite": "/index.html",
      "statusCode": 200
    }
  }
}
